0x0cb96dCdC31526A2Daf1b7A05a4f2E5EA7E26D08,
0x31CbCcc8eFea6B03f4F8e3376E1f5fFd7771e1D5,
0x98f713957A288099DbBeB195cA80fb8e56A649Cd,
0x9B85760139f5393d3444A2Cfb9de499260D93C28,
0x08b9c73FCC79314c0674534a08F2C8B19B75d481,
0xecFB4dA6640dC9AC39a33F24D74A9fC66B8946a7,
0xb561D17E6393959bCa0Fb7482a1DB968d4737A63,
0xf91266532E0559dd2E2a13D2b486EdfF09E3D3c3,
0x32199b9A795381C826A3D89FAf9fDCd8638e5DE7,
0x87FB384077caa7C8475C651fd83b9f0547df174C,
0x369b3b3c0502C01Fd6Fa5f50e82c1B75581C047d,
0x25E70ffcCd71769633A348aAba6814D3a5cd2519,
0x8a047247972da0bEdA47AD8f4673b41894c83FBF,
0x306b9be69b6eB797fB2c19C45191Bd2F60e300F6,
0xD9C7415D87865522e4b08a220C1bD50e8EeEEDd8,
0x7f94F99332BCD63bd2747af84Fb4f6a1e4f0a3bA,
0xa539881251820d0bF0661743E91f2c99cAFbeE90,
0xb4590b279c126E6fbc606999056c8A049BF14953,
0x0a50925675665f3595341EE280CE82C2540C9e7D,
0x913dfe53c5dC63dB0fE2ADd5376eAe03b6Fe2742,
0xE9058a6685fB99b1dDA6a8aab2865b59f7095C3d,
0x9d62E8c4783641F100478964C563639201F91480,
0x2D801b611b5F0f44AbD759665b09e2145e092681,
0xB538ac453acA752c10aD86545E76ab52213DBBE5,
0xfA4c0dfE1Fe0e0c6588ec76d1E0fc8e4f6024184,
0x0599C836f6EbeD1473126324ADF11e886608417D,
0x79ECF5Eb399a671ab007D7cff730490cdB680704,
0x309D4176008ed4475c685b37a9336c2C883453B0,
0x155B15a7e9Ff0e34cEaF2439589D5C661ADC9493,
0x5A9e792143bf2708b4765C144451dCa54f559a19,
0xFD8c6Ebe0D284f9D2C9665f17BbA47032259E907,
0x29A519e21d6A97cdB82270b69c98bAc6426CDCf9,
0xCAaCF83457dE300B0278E80641667dF147e9f440,
0xa4849f1D96B26066f9C631FCdc8F1457D27Fb5EC,
0xA5bD5c661f373256c0cCfbc628Fd52DE74f9BB55,
0x925d692aa1F4109F910C502368c569e68CEb7F61,
0xCC4D47670498cb3fB2232435Ae6F9b2cbb6bc678,
0xc557bD20E66602f2c024ac1E2DCAA82ae5c69A70,
0x0173544f21B4Fb7C5e2BC93968b1dDE13F0dfCD2,
0x9C6c806736c18d646c28ff47Bee0aF15284792a7,
0x776a9097E01De7E7aA2ddd92989f27c8B5C3AE68,
0xfA9dA51631268A30Ec3DDd1CcBf46c65FAD99251,
0xD1E4a32679216F4A4DD38e45DAb9Bc4B8a45e592,
0x1b9dFC56e38b0F92448659C114e2347Bd803911c,
0x8A09e0c71ff2B3A28F21B075dB94e9c43522f38B,
0x98E9D288743839e96A8005a6B51C770Bbf7788C0,
0x9a66644084108a1bC23A9cCd50d6d63E53098dB6,
0xbfa2F68bf9Ad60Dc3cFB1cEF04730Eb7FA251424,
0xd10c833f4305E1053a64Bc738c550381f48104Ca,
0xab6BEcc6cf320f14f6fB6909Bb7D3010e101d379,
0x1E4Fca2C936FEa9f400A7E7B405a50737b6b57E7,
0x34dFa1226F8b3E36FE597B34eEa809a2B5c0bBf9,
0x00A5EECa852D03c08f50Fc8D75991B50DAb953C9,
0xE1Dd7b28Ab085978EAD65AFF92B22B6322a96422,
0xab957EE1AA3B8Ba68356Fd7D27CE0DE04ce30E12,
0xCf02A22a0429FB244fA52dC59111a872856960F5,
0xf9f76230dF03916A8Cb7ccD291a703Adb7daaaf8,
0x7bBE2a23BD6601222477f8d0BC606DaF1A41FCFC,
0x265fb67721DCdd51Ea3298B673dDEB0169F7d218,
0x319CeFEB796f6Ea9C99c04f22617B8168F1F7fD6,
0x62284b7F2b80c3A2196442a3913694BBF30a6F0A,
0xDfE4F07D1F36B8d559b25082460a4f6A72531de2,
0x419c2B2F2FC05A8E5aB3d9f1aa52435DBc059486,
0xc832Be14AF78e8ff7dF4Df1436515A83cBEE64a4,
0xbd40733A2F223fF32195a759a81df25E35DD4dEA,
0x3019DBE7a93529E8376201D4Df1334AFd790d76D,
0x31eFc4AeAA7c39e54A33FDc3C46ee2Bd70ae0A09,
0x44e3163c55a2E2B4488A284B84CE0288838e1719,
0x62F1A9259f0992f1190d4F877bF1B2C1e2EC3794,
0x5383AaC3C65b42166d7735f429A191d101d4E823,
0xE2296F5E237b0542D848B335615AD8F9632B8954,
0x221dA99C8bc0185f586a01416f1b604D5aa7Adad,
0x47FCDa1D9E1841716dCAc896CFaDDCB687C0Cf62,
0x5E29B49DbA3594D5E7D4aBb6743E9F8660FC59B0,
0x0d4A003D1c41528eEa9394E6395B936b4167428c,
0x9F57e6C17f73f845C9d3b5A47ed5adaE46Ea5f46,
0x6D1F415c6023F6b3E941430DDD498634Ff7c0C86,
0x55420601591b6A4CF14F2cf912aB377898fb9201,
0xF160dfBb8BD3baDA53c4761595F11571CB05E1e1,
0xd4659DfcCD0Ed28657b83aEaaf169d44A149880D,
0x038305f236D8017aB154C89C9232c6cf2CCdaf7B,
0xeDFD28B5ebc0be656B0e6aEb351B5B495a80cF31,
0x2f25A3130bCD80E8b4b4f570b01177f4282223B2,